INSERT INTO artists (id, name) VALUES
(1, 'Bad Bunny'),
(2, 'PinkPantheress'),
(3, 'Taylor Swift'),
(4, 'Addison Rae'),
(5, 'Djo'),
(6, 'Sabrina Carpenter'),
(7, 'Olivia Dean'),
(8, 'RAYE'),
(9, 'Zara Larsson'),
(10, 'sombr'),
(11, 'The Marías'),
(12, 'Chappell Roan'),
(13, 'Harry Styles'),
(14, 'Billie Eilish'),
(15, 'Tame Impala'),
(16, 'Radiohead'),
(17, 'EsDeeKid'),
(18, 'She & Him'),
(19, 'Kendrick Lamar'),
(20, 'Arctic Monkeys'),
(21, 'KATSEYE'),
(22, 'Joji'),
(23, 'Kanye West'),
(24, 'bôa'),
(25, 'TV Girl'),
(26, 'Tate McRae'),
(27, 'Don Toliver'),
(28, 'Charli xcx'),
(29, 'Jeff Buckley');


INSERT INTO albums (id, artist_id, title, release_date) VALUES
(1, 1, 'Un Verano Sin Ti', '2022-05-06'),
(2, 1, 'Nadie Sabe Lo Que Va a Pasar Mañana', '2023-10-13'),
(3, 2, 'Heaven knows', '2023-11-10'),
(4, 3, 'The Tortured Poets Department', '2024-04-19'),
(5, 4, 'AR', '2024-03-22'),
(6, 5, 'DECIDE', '2022-09-16'),
(7, 6, 'Short n'' Sweet', '2024-08-23'),
(8, 7, 'Messy', '2023-06-30'),
(9, 8, 'My 21st Century Blues', '2023-02-03'),
(10, 9, 'Venus', '2024-02-09'),
(11, 10, 'Soft Focus', '2024-05-17'),
(12, 11, 'Cinema', '2021-06-25'),
(13, 12, 'The Rise and Fall of a Midwest Princess', '2024-09-13'),
(14, 13, 'Harry''s House', '2022-05-20'),
(15, 14, 'HIT ME HARD AND SOFT', '2024-05-17'),
(16, 15, 'Currents', '2015-07-17'),
(17, 15, 'The Slow Rush', '2020-02-14'),
(18, 16, 'Pablo Honey', '1993-02-22'),
(19, 16, 'OK Computer', '1997-05-21'),
(20, 17, 'Soundcheck', '2024-08-02'),
(21, 18, 'Volume One', '2008-03-18'),
(22, 19, 'The Glorious Dawn', '2025-02-14'),
(23, 20, 'Favourite Worst Nightmare', '2007-04-23'),
(24, 21, 'KATSEYE', '2025-01-24'),
(25, 22, 'Nectar', '2020-09-25'),
(26, 23, 'Graduation', '2007-09-11'),
(27, 24, 'Twilight', '1998-01-28'),
(28, 25, 'French Exit', '2014-09-23'),
(29, 26, 'Think Later', '2023-12-08'),
(30, 27, 'Hardstone Psycho', '2024-08-16'),
(31, 28, 'Brat', '2024-06-14'),
(32, 29, 'Grace', '1994-08-23');


INSERT INTO songs (id, artist_id, title, duration_seconds, playcount, listeners, album_id) VALUES
(1, 1, 'DtMF', 237, 12124362, 1010468, 2),
(2, 1, 'NUEVAYoL', 183, 9227326, 800583, 2),
(3, 2, 'Stateside + Zara Larsson', 176, 7596071, 620552, 3),
(4, 1, 'BAILE INoLVIDABLE', 367, 9569942, 733372, 2),
(5, 3, 'Opalite', 235, 12250095, 673700, 4),
(6, 4, 'Fame Is a Gun', 183, 15940114, 885366, 5),
(7, 1, 'VOY A LLeVARTE PA PR', 204, 7550784, 622907, 2),
(8, 1, 'EoO', 204, 7376978, 608104, 2),
(9, 5, 'End of Beginning', 159, 31449067, 1898696, 6),
(10, 6, 'Manchild', 213, 20726530, 1129648, 7),
(11, 7, 'Man I Need', 184, 7004554, 723107, 8),
(12, 8, 'WHERE IS MY HUSBAND!', 196, 8102749, 815760, 9),
(13, 9, 'Midnight Sun', 189, 8275684, 527654, 10),
(14, 7, 'So Easy (To Fall In Love)', 170, 5879677, 699660, 8),
(15, 3, 'The Fate of Ophelia', 226, 21494557, 941110, 4),
(16, 10, 'back to friends', 199, 21499022, 1305590, 11),
(17, 11, 'No One Noticed', 236, 30429397, 1480035, 12),
(18, 12, 'Good Luck, Babe!', 218, 57136264, 2009749, 13),
(19, 13, 'Aperture', 311, 2653089, 437485, 14),
(20, 11, 'Sienna', 224, 17515037, 1083097, 12),
(21, 14, 'WILDFLOWER', 261, 33911896, 1562914, 15),
(22, 15, 'The Less I Know the Better', 217, 45761290, 2648161, 16),
(23, 9, 'Lush Life', 201, 11998517, 1347431, 10),
(24, 16, 'Creep', 235, 57490366, 3979194, 18),
(25, 6, 'Tears', 160, 13421859, 937121, 7),
(26, 17, '4 Raws', 147, 7034286, 599247, 20),
(27, 1, 'VeLDÁ', NULL, 5551848, 475280, 2),
(28, 14, 'BIRDS OF A FEATHER', 183, 53220164, 2144933, 15),
(29, 18, 'I Thought I Saw Your Face Today', 185, 5938693, 764807, 21),
(30, 19, 'luther (with SZA)', NULL, 26282958, 1469739, 22),
(31, 16, 'Let Down', 337, 37752378, 2418066, 19),
(32, 15, 'Dracula', 205, 7354561, 811315, 17),
(33, 1, 'WELTiTA', NULL, 4024931, 441160, 2),
(34, 20, '505', 305, 55379462, 2921008, 23),
(35, 21, 'Gabriela', 197, 15763004, 911589, 24),
(36, 22, 'PIXELATED KISSES', 110, 7954857, 449492, 25),
(37, 1, 'Tití Me Preguntó', 117, 10075951, 772697, 1),
(38, 1, 'PERFuMITO NUEVO', NULL, 3705610, 417252, 2),
(39, 23, 'Flashing Lights', 237, 35147129, 2122950, 26),
(40, 24, 'Duvet', 203, 38814782, 1892590, 27),
(41, 25, 'Lovers Rock', 213, 47949504, 2089268, 28),
(42, 6, 'Espresso', 175, 53224676, 2096809, 7),
(43, 26, 'Sports car', 165, 20217915, 871052, 29),
(44, 10, '12 to 12', 242, 7448683, 691746, 11),
(45, 22, 'LAST OF A DYING BREED', 149, 931892, 193148, 25),
(46, 1, 'KLOuFRENS', 290, 4312793, 404662, 2),
(47, 12, 'The Subway', 252, 15376946, 892822, 13),
(48, 27, 'E85', NULL, 799400, 173333, 30),
(49, 28, 'Von dutch', 164, 30059883, 1381578, 31),
(50, 29, 'Lover, You Should''ve Come Over', 403, 28912474, 1540300, 32),
(51, 3, 'Anti-Hero (Acoustic)', 185, 8923412, 521000, NULL),
(52, 14, 'What Was I Made For?', 220, 28472918, 1523000, NULL),
(53, 20, 'Do I Wanna Know?', 272, 41258391, 2281900, NULL),
(54, 19, 'HUMBLE.', 177, 38927456, 2156000, NULL);


SELECT setval('artists_id_seq', (SELECT MAX(id) FROM artists));
SELECT setval('albums_id_seq', (SELECT MAX(id) FROM albums));
SELECT setval('songs_id_seq', (SELECT MAX(id) FROM songs));
